Title,Year,ImageURL,MXPlayerLink 
Supreme Khiladi-2 (Hindi Dub)Comedy Hindi,  2018, https://j2apps.s.llnwi.net/assets-origin/static/images/default_2x3.png, /movie/watch-supreme-khiladi2-movie-online-d4391c3cb036a08beceb8c1c5abc540e 
Kaashmora 2Action Hindi,  2017, https://j2apps.s.llnwi.net/assets-origin/static/images/default_2x3.png, /movie/watch-kaashmora-2-movie-online-51cb21021f7ac0589829f7db00306022 
Heart Attack 3Dub Hindi,  2012, https://j2apps.s.llnwi.net/assets-origin/static/images/default_2x3.png, /movie/watch-heart-attack-3-movie-online-9fc734ad705381dc9f53771d1696ffd5 
Savyasachi (Hindi Dub)Thriller Hindi,  2018, https://j2apps.s.llnwi.net/assets-origin/static/images/default_2x3.png, /movie/watch-savyasachi-movie-online-5b408e7be59f69a56ee0a188395e4731 
Sarrainodu (Hindi)Action Hindi,  2017, https://j2apps.s.llnwi.net/assets-origin/static/images/default_2x3.png, /movie/watch-sarrainodu-hindi-movie-online-3624e517ee336ba0d9b63bf2bd857502 
The Super Khiladi 3Dub Hindi,  2010, https://j2apps.s.llnwi.net/assets-origin/static/images/default_2x3.png, /movie/watch-the-super-khiladi-3-movie-online-dcadd79d339a2be9581c0308ee80503d 
AgneepathAction Hindi,  2012, https://j2apps.s.llnwi.net/assets-origin/static/images/default_2x3.png, /movie/watch-agneepath-movie-online-a263630afc6c0479bac9e048c1e525b4 
DJDub Hindi,  2017, https://j2apps.s.llnwi.net/assets-origin/static/images/default_2x3.png, /movie/watch-dj-movie-online-3f7de5a6ca099b1e5ef3f8dfa888fc8c 
The Return of RebelAction Hindi,  2012, https://j2apps.s.llnwi.net/assets-origin/static/images/default_2x3.png, /movie/watch-the-return-of-rebel-movie-online-83bcb9a3ed45dfda3473d0a4c5305b62 
Inspector Vijay (Hindi Dub)Action Hindi,  2018, https://j2apps.s.llnwi.net/assets-origin/static/images/default_2x3.png, /movie/watch-inspector-vijay-movie-online-9475f027184e930478a887c0ad95e491 
The Return of Abhimanyu (Hindi Dub)Action Hindi,  2018, https://j2apps.s.llnwi.net/assets-origin/static/images/default_2x3.png, /movie/watch-the-return-of-abhimanyu-movie-online-e7b1feaeaf9d8501dc6922ddede2a6f2 
Sivaji The Boss (Hindi Dub)Action Hindi,  2007, https://j2apps.s.llnwi.net/assets-origin/static/images/default_2x3.png, /movie/watch-sivaji-the-boss-movie-online-49fec45136f60d05b5e21bfaeb26fbc9 
Dangerous Khiladi Returns (Hindi Dub)Action Hindi,  2007, https://j2apps.s.llnwi.net/assets-origin/static/images/default_2x3.png, /movie/watch-dangerous-khiladi-returns-movie-online-b14932e0cb28b9cd23329ad2efcdee1d 
Kavan (Hindi Dub)Action Hindi,  2017, https://j2apps.s.llnwi.net/assets-origin/static/images/default_2x3.png, /movie/watch-kavan-movie-online-a9d8e0fb1fd721edd8a888ce20769dde 
Asuravadham (Hindi Dub)Action Hindi,  2018, https://j2apps.s.llnwi.net/assets-origin/static/images/default_2x3.png, /movie/watch-asuravadham-movie-online-4866ab1431eb714513ae9cf4506de83a 
The Return of Sikander (Hindi Dub)Action Hindi,  2005, https://j2apps.s.llnwi.net/assets-origin/static/images/default_2x3.png, /movie/watch-the-return-of-sikander-movie-online-43397b39506ec789ee9ff50472d8e03b 
Main Insaaf Karoonga 2 (Hindi Dub)Action Hindi,  2004, https://j2apps.s.llnwi.net/assets-origin/static/images/default_2x3.png, /movie/watch-main-insaaf-karoonga-2-movie-online-5a85e55cca2be9932603802d89c10477 
Mard The Khiladi (Hindi Dub)Action Hindi,  2014, https://j2apps.s.llnwi.net/assets-origin/static/images/default_2x3.png, /movie/watch-mard-the-khiladi-movie-online-5345739c56529d3b304e970a75d11a8c 
Aakhari Baazi  (Hindi Dub)Dub Hindi,  2019, https://j2apps.s.llnwi.net/assets-origin/static/images/default_2x3.png, /movie/watch-aakhari-baazi-hindi-dub-movie-online-712ae431ea2c675345ef526749cb6fe0 
Potugadu (Hindi Dub)Romance Hindi,  2013, https://j2apps.s.llnwi.net/assets-origin/static/images/default_2x3.png, /movie/watch-potugadu-movie-online-1ed88754c91b14bd04b89eae0bb30f10 
Kasam Khayi Hai (Hindi Dub)Dub Hindi,  2014, https://j2apps.s.llnwi.net/assets-origin/static/images/default_2x3.png, /movie/watch-kasam-khayi-hai-hindi-dub-movie-online-e97f0a7deedcfc4a496d25ae0a187759 
Garam (Hindi Dub)Action Hindi,  2016, https://j2apps.s.llnwi.net/assets-origin/static/images/default_2x3.png, /movie/watch-garam-movie-online-d3d62120ebf8331c934a66ed8cbc7840 
Disco Raja (Hindi Dub)Thriller Hindi,  2016, https://j2apps.s.llnwi.net/assets-origin/static/images/default_2x3.png, /movie/watch-disco-raja-movie-online-64b4d9fa8c0d779ffffda1c9f0ccf27f 
Izzat Ke Khatir (Hindi Dub)Dub Hindi,  2014, https://j2apps.s.llnwi.net/assets-origin/static/images/default_2x3.png, /movie/watch-izzat-ke-khatir-hindi-dub-movie-online-6342712f507f3f572403ff8ef5aa1175 
Ladai Taqdeer Ki (Hindi Dub)Romance Hindi,  2001, https://j2apps.s.llnwi.net/assets-origin/static/images/default_2x3.png, /movie/watch-ladai-taqdeer-ki-movie-online-5b06200b0c6121845f9292b7c1f27bd9 
Supreme Khiladi-2 (Hindi Dub)Comedy Hindi,  2018, https://j2apps.s.llnwi.net/assets-origin/static/images/default_2x3.png, /movie/watch-supreme-khiladi2-movie-online-d4391c3cb036a08beceb8c1c5abc540e 
Ram Ki Jung (Hindi Dub)Romance Hindi,  2010, https://j2apps.s.llnwi.net/assets-origin/static/images/default_2x3.png, /movie/watch-ram-ki-jung-movie-online-0380dc5dbe41dcdfd702cb41fce86e3e 
Sabse Badhkar Hum (2015)Action Hindi,  2010, https://j2apps.s.llnwi.net/assets-origin/static/images/default_2x3.png, /movie/watch-sabse-badhkar-hum-2015-movie-online-4b56f603f6addb2ec5364f8c1ac53405 
CheetahDrama Hindi,  2005, https://j2apps.s.llnwi.net/assets-origin/static/images/default_2x3.png, /movie/watch-cheetah-movie-online-ef6f95040cca51da9f62ed9ba8cfee53 
LoriDrama Hindi,  2017, https://j2apps.s.llnwi.net/assets-origin/static/images/default_2x3.png, /movie/watch-lori-movie-online-f3b80001937bb1a2a02d0d4d036236b3 
Girl On Heels - Short FilmShort Hindi,  2017, https://j2apps.s.llnwi.net/assets-origin/static/images/default_2x3.png, /movie/watch-girl-on-heels-short-film-movie-online-e760990fe31db3fc80b497bef45b11e8 
The GuideShort Hindi,  2018, https://j2apps.s.llnwi.net/assets-origin/static/images/default_2x3.png, /movie/watch-the-guide-movie-online-e7274ca20e88b042aaebc038946b5c88 
Salt 'N' PepperShort Hindi,  2018, https://j2apps.s.llnwi.net/assets-origin/static/images/default_2x3.png, /movie/watch-salt-n-pepper-movie-online-5a1b731322c49d24cb6d87bd50594025 
PapaMusical Hindi,  2018, https://j2apps.s.llnwi.net/assets-origin/static/images/default_2x3.png, /movie/watch-papa-movie-online-bb4c27fb76b1196e4254885c24d86c3f 
ChoicesDrama Hindi,  2017, https://j2apps.s.llnwi.net/assets-origin/static/images/default_2x3.png, /movie/watch-choices-movie-online-aadd5c5775cc073a1adbfcc411959bb4 
Dilli Vala Dost - Short FilmShort Hindi,  2017, https://j2apps.s.llnwi.net/assets-origin/static/images/default_2x3.png, /movie/watch-dilli-vala-dost-short-film-movie-online-0aecbdef861649cdb0dea8378415a825 
A gentle giant Drama Hindi,  2016, https://j2apps.s.llnwi.net/assets-origin/static/images/default_2x3.png, /movie/watch-a-gentle-giant-movie-online-97f4f16dff7f74886449c9b4151cd769 
DooriyanDrama Hindi,  2016, https://j2apps.s.llnwi.net/assets-origin/static/images/default_2x3.png, /movie/watch-dooriyan-movie-online-95f10df8430ec6ecab5a705194f7c037 
Bhindi - Bitter Sweet - Short FilmShort Hindi,  2018, https://j2apps.s.llnwi.net/assets-origin/static/images/default_2x3.png, /movie/watch-bhindi-bitter-sweet-short-film-movie-online-83d6d3189989d0f57e10dd487d6bff34 
